{
    "LinearRegression_RMSE": 212362.23548644423,
    "DecisionTree_RMSE": 188178.36479708803
}